<?xml version="1.0"?>
<!DOCTYPE hibernate-mapping PUBLIC "-//Hibernate/Hibernate Mapping DTD 3.0//EN"
"http://hibernate.sourceforge.net/hibernate-mapping-3.0.dtd">
<!-- Generated 2016-6-5 13:59:53 by Hibernate Tools 3.5.0.Final -->
<hibernate-mapping>
    <class name="com.bestksl.domain.Achievement" table="achievement" catalog="ksldb">
        <id name="id" type="java.lang.Integer">
            <column name="id" />
            <generator class="identity" />
        </id>
        <property name="name" type="string">
            <column name="name" length="50" not-null="true" />
        </property>
        <property name="time" type="timestamp">
            <column name="time" length="19" not-null="true" />
        </property>
        <property name="introduce" type="string">
            <column name="introduce" length="50" not-null="true" />
        </property>
        <property name="filedir" type="string">
            <column name="filedir" length="500" not-null="false" />
        </property>
    </class>
</hibernate-mapping>
