<?xml version="1.0"?>
<!DOCTYPE hibernate-mapping PUBLIC "-//Hibernate/Hibernate Mapping DTD 3.0//EN"
"http://hibernate.sourceforge.net/hibernate-mapping-3.0.dtd">
<!-- Generated 2016-6-5 13:59:53 by Hibernate Tools 3.5.0.Final -->
<hibernate-mapping>
    <class name="com.bestksl.domain.Literature" table="literature" catalog="ksldb">
        <id name="id" type="java.lang.Integer">
            <column name="id" />
            <generator class="identity" />
        </id>
        <property name="name" type="string">
            <column name="name" length="50" not-null="true" />
        </property>
        <property name="author" type="string">
            <column name="author" length="50" not-null="true" />
        </property>
        <property name="from_" type="string">
            <column name="from_" length="50" />
        </property>
        <property name="num" type="string">
            <column name="num" length="50" />
        </property>
        <property name="filedir" type="string">
            <column name="filedir" length="500" />
        </property>
    </class>
</hibernate-mapping>
