<?xml version="1.0"?>
<!DOCTYPE hibernate-mapping PUBLIC "-//Hibernate/Hibernate Mapping DTD 3.0//EN"
"http://hibernate.sourceforge.net/hibernate-mapping-3.0.dtd">
<!-- Generated 2016-6-5 13:59:53 by Hibernate Tools 3.5.0.Final -->
<hibernate-mapping>
    <class name="com.bestksl.domain.Paper" table="paper" catalog="ksldb">
        <id name="id" type="java.lang.Integer">
            <column name="id" />
            <generator class="identity" />
        </id>
        <property name="name" type="string">
            <column name="name" length="50" not-null="true" />
        </property>
        <property name="author" type="string">
            <column name="author" length="50" not-null="true" />
        </property>
        <property name="teacher" type="string">
            <column name="teacher" length="50" not-null="true" />
        </property>
        <property name="time" type="timestamp">
            <column name="time" length="19" not-null="true" />
        </property>
        <property name="type" type="string">
            <column name="type" length="50" />
        </property>
        <property name="mettingname" type="string">
            <column name="mettingname" length="50" />
        </property>
        <property name="juanheqi" type="string">
            <column name="juanheqi" length="50" />
        </property>
        <property name="qishiyema" type="string">
            <column name="qishiyema" length="50" />
        </property>
        <property name="wenzhangbianhao" type="string">
            <column name="wenzhangbianhao" length="50" />
        </property>
        <property name="jiansuohao" type="string">
            <column name="jiansuohao" length="50" />
        </property>
        <property name="filedir" type="string">
            <column name="filedir" length="500" />
        </property>
    </class>
</hibernate-mapping>
