<?xml version="1.0"?>
<!DOCTYPE hibernate-mapping PUBLIC "-//Hibernate/Hibernate Mapping DTD 3.0//EN"
"http://hibernate.sourceforge.net/hibernate-mapping-3.0.dtd">
<!-- Generated 2016-6-5 13:59:53 by Hibernate Tools 3.5.0.Final -->
<hibernate-mapping>
    <class name="com.bestksl.domain.User" table="user" catalog="ksldb">
        <id name="name" type="string">
            <column name="name" length="50" />
            <generator class="assigned" />
        </id>
        <property name="password" type="string">
            <column name="password" length="50" not-null="true" />
        </property>
        <property name="permission" type="int">
            <column name="permission" not-null="true" />
        </property>
        <set name="messages" table="message" inverse="true" lazy="true" fetch="select">
            <key>
                <column name="author" length="50" not-null="true" />
            </key>
            <one-to-many class="com.bestksl.domain.Message" />
        </set>
    </class>
</hibernate-mapping>
